﻿{
    "Item":  {
                 "prompt_id":  {
                                   "S":  "task_parser"
                               },
                 "content":  {
                                 "S":  {
                                           "value":  "You are a productivity assistant. Your task is to transform the user\u0027s message into a structured JSON representing a task.\r\n\r\nðŸ§© Output Format (respond ONLY with one of the following valid JSON objects):\r\n\r\n1. Valid task:\r\n{\r\n  \"title\": \"Send monthly report\",\r\n  \"description\": \"Send the performance report to the manager\",\r\n  \"due_date\": \"2025-07-19T10:00:00Z\"\r\n}\r\n\r\n2. Invalid task request:\r\n{\r\n  \"error\": \"not a valid task request\"\r\n}\r\n\r\n3. Missing due date:\r\n{\r\n  \"error\": \"missing due date\"\r\n}\r\n\r\n4. Past due date:\r\n{\r\n  \"error\": \"due date is in the past\"\r\n}\r\n\r\nâš ï¸ STRICT RULES:\r\n- Respond with a valid **JSON object only**. No explanations, no markdown, no extra text.\r\n- **description** must always be the **exact original user message**.\r\n- **title** must be a short summary of the action, friendly and clear, in the same language as the input.\r\n- Always detect the **language** of the user\u0027s message (English, Portuguese, Spanish, etc.), and use it in **all fields** (\"title\", \"error\", etc.).\r\n- Never respond in a language different from the user\u0027s input.\r\n- Always return **ISO 8601** due_date with **Z** (UTC) suffix.\r\n\r\nðŸ“† Date Handling:\r\n- Convert relative expressions like \"tomorrow\", \"in 7 days\", \"amanhÃ£\", \"em 1 hora\", etc. to exact ISO 8601 UTC dates.\r\n- Only include time (hours and minutes) if explicitly mentioned or implied.\r\n- If no due date is given, return \"missing due date\".\r\n- If the due date is **in the past** (before \"${new Date().toISOString()}\"), return \"due date is in the past\".\r\n\r\nâŒ Do NOT accept:\r\n- Vague context or non-action phrases (e.g., \"next week\", \"we need to talk\", \"the meeting\", \"I\u0027m tired\").\r\n- Messages without clear intent to **do something**.\r\n\r\nðŸŒ Examples by language:\r\n- English: \"Call my mom tomorrow\" â†’ âœ… title: \"Call my mom\"\r\n- Portuguese: \"Enviar relatÃ³rio amanhÃ£\" â†’ âœ… title: \"Enviar relatÃ³rio\"\r\n- Spanish: \"Enviar informe maÃ±ana\" â†’ âœ… title: \"Enviar informe\"\r\n\r\nRespond strictly with one of the four valid JSON objects. Do not include any surrounding text.",
                                           "PSPath":  "C:\\Users\\bonel\\Documents\\Tech to U\\EchoDoTTT\\src\\prompt.txt",
                                           "PSParentPath":  "C:\\Users\\bonel\\Documents\\Tech to U\\EchoDoTTT\\src",
                                           "PSChildName":  "prompt.txt",
                                           "PSDrive":  {
                                                           "CurrentLocation":  "Users\\bonel\\Documents\\Tech to U\\EchoDoTTT\\src",
                                                           "Name":  "C",
                                                           "Provider":  {
                                                                            "ImplementingType":  "Microsoft.PowerShell.Commands.FileSystemProvider",
                                                                            "HelpFile":  "System.Management.Automation.dll-Help.xml",
                                                                            "Name":  "FileSystem",
                                                                            "PSSnapIn":  "Microsoft.PowerShell.Core",
                                                                            "ModuleName":  "Microsoft.PowerShell.Core",
                                                                            "Module":  null,
                                                                            "Description":  "",
                                                                            "Capabilities":  52,
                                                                            "Home":  "C:\\Users\\bonel",
                                                                            "Drives":  "C G"
                                                                        },
                                                           "Root":  "C:\\",
                                                           "Description":  "OS",
                                                           "MaximumSize":  null,
                                                           "Credential":  {
                                                                              "UserName":  null,
                                                                              "Password":  null
                                                                          },
                                                           "DisplayRoot":  null
                                                       },
                                           "PSProvider":  {
                                                              "ImplementingType":  {
                                                                                       "Module":  "System.Management.Automation.dll",
                                                                                       "Assembly":  "System.Management.Automation, Version=3.0.0.0, Culture=neutral, PublicKeyToken=31bf3856ad364e35",
                                                                                       "TypeHandle":  "System.RuntimeTypeHandle",
                                                                                       "DeclaringMethod":  null,
                                                                                       "BaseType":  "System.Management.Automation.Provider.NavigationCmdletProvider",
                                                                                       "UnderlyingSystemType":  "Microsoft.PowerShell.Commands.FileSystemProvider",
                                                                                       "FullName":  "Microsoft.PowerShell.Commands.FileSystemProvider",
                                                                                       "AssemblyQualifiedName":  "Microsoft.PowerShell.Commands.FileSystemProvider, System.Management.Automation, Version=3.0.0.0, Culture=neutral, PublicKeyToken=31bf3856ad364e35",
                                                                                       "Namespace":  "Microsoft.PowerShell.Commands",
                                                                                       "GUID":  "b4755d19-b6a7-38dc-ae06-4167f801062f",
                                                                                       "IsEnum":  false,
                                                                                       "GenericParameterAttributes":  null,
                                                                                       "IsSecurityCritical":  true,
                                                                                       "IsSecuritySafeCritical":  false,
                                                                                       "IsSecurityTransparent":  false,
                                                                                       "IsGenericTypeDefinition":  false,
                                                                                       "IsGenericParameter":  false,
                                                                                       "GenericParameterPosition":  null,
                                                                                       "IsGenericType":  false,
                                                                                       "IsConstructedGenericType":  false,
                                                                                       "ContainsGenericParameters":  false,
                                                                                       "StructLayoutAttribute":  "System.Runtime.InteropServices.StructLayoutAttribute",
                                                                                       "Name":  "FileSystemProvider",
                                                                                       "MemberType":  32,
                                                                                       "DeclaringType":  null,
                                                                                       "ReflectedType":  null,
                                                                                       "MetadataToken":  33556356,
                                                                                       "GenericTypeParameters":  "",
                                                                                       "DeclaredConstructors":  "Void .ctor() Void .cctor()",
                                                                                       "DeclaredEvents":  "",
                                                                                       "DeclaredFields":  "System.Collections.ObjectModel.Collection`1[System.Management.Automation.WildcardPattern] excludeMatcher System.Management.Automation.PSTraceSource tracer Int32 FILETRANSFERSIZE System.String ProviderName",
                                                                                       "DeclaredMembers":  "System.String NormalizePath(System.String) System.IO.FileSystemInfo GetFileSystemInfo(System.String, Boolean ByRef) Boolean IsFilterSet() System.Object GetChildNamesDynamicParameters(System.String) System.Object GetChildItemsDynamicParameters(System.String, Boolean) System.Object CopyItemDynamicParameters(System.String, System.String, Boolean) Boolean IsNetworkMappedDrive(System.Management.Automation.PSDriveInfo) Boolean IsSupportedDriveForPersistence(System.Management.Automation.PSDriveInfo) System.String GetRootPathForNetworkDriveOrDosDevice(System.IO.DriveInfo) System.Collections.ObjectModel.Collection`1[System.Management.Automation.PSDriveInfo] InitializeDefaultDrives() System.Object GetItemDynamicParameters(System.String) Void InvokeDefaultAction(System.String) Void GetChildItems(System.String, Boolean, UInt32) Void GetChildNames(System.String, System.Management.Automation.ReturnContainers) Boolean CheckItemExists(System.String, Boolean ByRef) System.Object RemoveItemDynamicParameters(System.String, Boolean) Void RemoveFileInfoItem(System.IO.FileInfo, Boolean) Boolean ItemExists(System.String) System.Object ItemExistsDynamicParameters(System.String) Boolean HasChildItems(System.String) Void CopyItemLocalOrToSession(System.String, System.String, Boolean, Boolean, System.Management.Automation.PowerShell) Void InitilizeFunctionPSCopyFileFromRemoteSession(System.Management.Automation.PowerShell) Boolean ValidRemoteSessionForScripting(System.Management.Automation.Runspaces.Runspace) Void InitilizeFunctionsPSCopyFileToRemoteSession(System.Management.Automation.PowerShell) Boolean PathIsReservedDeviceName(System.String, System.String) Boolean IsAbsolutePath(System.String) System.String GetCommonBase(System.String, System.String) System.String CreateNormalizedRelativePathFromStack(System.Collections.Generic.Stack`1[System.String]) Boolean IsItemContainer(System.String) Void MoveDirectoryInfoUnchecked(System.IO.DirectoryInfo, System.String, Boolean) Boolean IsSameVolume(System.String, System.String) System.Object GetPropertyDynamicParameters(System.String, System.Collections.ObjectModel.Collection`1[System.String]) System.Object SetPropertyDynamicParameters(System.String, System.Management.Automation.PSObject) System.Object ClearPropertyDynamicParameters(System.String, System.Collections.ObjectModel.Collection`1[System.String]) System.Object GetContentWriterDynamicParameters(System.String) System.Object ClearContentDynamicParameters(System.String) Int32 SafeGetFileAttributes(System.String) System.Security.AccessControl.ObjectSecurity NewSecurityDescriptorFromPath(System.String, System.Security.AccessControl.AccessControlSections) System.Security.AccessControl.ObjectSecurity NewSecurityDescriptorOfType(System.String, System.Security.AccessControl.AccessControlSections) System.Security.AccessControl.ObjectSecurity NewSecurityDescriptor(ItemType) System.Management.Automation.ErrorRecord CreateErrorRecord(System.String, System.String) System.String GetHelpMaml(System.String, System.String) System.Management.Automation.ProviderInfo Start(System.Management.Automation.ProviderInfo) System.Management.Automation.PSDriveInfo NewDrive(System.Management.Automation.PSDriveInfo) Void MapNetworkDrive(System.Management.Automation.PSDriveInfo) System.Management.Automation.PSDriveInfo RemoveDrive(System.Management.Automation.PSDriveInfo) System.String GetUNCForNetworkDrive(System.String) System.String GetSubstitutedPathForNetworkDosDevice(System.String) Boolean IsValidPath(System.String) Void GetItem(System.String) System.IO.FileSystemInfo GetFileSystemItem(System.String, Boolean ByRef, Boolean) Boolean ConvertPath(System.String, System.String, System.String ByRef, System.String ByRef) Void GetPathItems(System.String, Boolean, UInt32, Boolean, System.Management.Automation.ReturnContainers) Void Dir(System.IO.DirectoryInfo, Boolean, UInt32, Boolean, System.Management.Automation.ReturnContainers, InodeTracker) System.Management.Automation.FlagsExpression`1[System.IO.FileAttributes] FormatAttributeSwitchParamters() System.String Mode(System.Management.Automation.PSObject) Void RenameItem(System.String, System.String) Void NewItem(System.String, System.String, System.Object) ItemType GetItemType(System.String) Void CreateDirectory(System.String, Boolean) Boolean CreateIntermediateDirectories(System.String) Void RemoveItem(System.String, Boolean) Void RemoveDirectoryInfoItem(System.IO.DirectoryInfo, Boolean, Boolean, Boolean) Void RemoveFileSystemItem(System.IO.FileSystemInfo, Boolean) Boolean ItemExists(System.String, System.Management.Automation.ErrorRecord ByRef) Boolean DirectoryInfoHasChildItems(System.IO.DirectoryInfo) Void CopyItem(System.String, System.String, Boolean) Void CopyItemFromRemoteSession(System.String, System.String, Boolean, Boolean, System.Management.Automation.Runspaces.PSSession) Void CopyDirectoryInfoItem(System.IO.DirectoryInfo, System.String, Boolean, Boolean, System.Management.Automation.PowerShell) Void CopyFileInfoItem(System.IO.FileInfo, System.String, Boolean, System.Management.Automation.PowerShell) Void CopyDirectoryFromRemoteSession(System.String, System.String, System.String, Boolean, Boolean, System.Management.Automation.PowerShell) System.Collections.ArrayList GetRemoteSourceAlternateStreams(System.Management.Automation.PowerShell, System.String) Void RemoveFunctionsPSCopyFileFromRemoteSession(System.Management.Automation.PowerShell) System.Collections.Hashtable GetRemoteFileMetadata(System.String, System.Management.Automation.PowerShell) Void SetFileMetadata(System.String, System.IO.FileInfo, System.Management.Automation.PowerShell) Void CopyFileFromRemoteSession(System.String, System.String, System.String, Boolean, System.Management.Automation.PowerShell, Int64) Boolean PerformCopyFileFromRemoteSession(System.String, System.IO.FileInfo, System.String, Boolean, System.Management.Automation.PowerShell, Int64, Boolean, System.String) Void RemoveFunctionPSCopyFileToRemoteSession(System.Management.Automation.PowerShell) Boolean RemoteTargetSupportsAlternateStreams(System.Management.Automation.PowerShell, System.String) System.String MakeRemotePath(System.Management.Automation.PowerShell, System.String, System.String) Boolean RemoteDirectoryExist(System.Management.Automation.PowerShell, System.String) Boolean CopyFileStreamToRemoteSession(System.IO.FileInfo, System.String, System.Management.Automation.PowerShell, Boolean, System.String) System.Collections.Hashtable GetFileMetadata(System.IO.FileInfo) Void SetRemoteFileMetadata(System.IO.FileInfo, System.String, System.Management.Automation.PowerShell) Boolean PerformCopyFileToRemoteSession(System.IO.FileInfo, System.String, System.Management.Automation.PowerShell) Boolean RemoteDestinationPathIsFile(System.String, System.Management.Automation.PowerShell) System.String CreateDirectoryOnRemoteSession(System.String, Boolean, System.Management.Automation.PowerShell) System.String GetParentPath(System.String, System.String) Boolean IsUNCPath(System.String) Boolean IsUNCRoot(System.String) Boolean IsPathRoot(System.String) System.String NormalizeRelativePath(System.String, System.String) System.String NormalizeRelativePathHelper(System.String, System.String) System.String RemoveRelativeTokens(System.String) System.Collections.Generic.Stack`1[System.String] TokenizePathToStack(System.String, System.String) System.Collections.Generic.Stack`1[System.String] NormalizeThePath(System.String, System.Collections.Generic.Stack`1[System.String]) System.String GetChildName(System.String) System.String EnsureDriveIsRooted(System.String) Void MoveItem(System.String, System.String) Void MoveFileInfoItem(System.IO.FileInfo, System.String, Boolean, Boolean) Void MoveDirectoryInfoItem(System.IO.DirectoryInfo, System.String, Boolean) Void CopyAndDelete(System.IO.DirectoryInfo, System.String, Boolean) Void GetProperty(System.String, System.Collections.ObjectModel.Collection`1[System.String]) Void SetProperty(System.String, System.Management.Automation.PSObject) Void ClearProperty(System.String, System.Collections.ObjectModel.Collection`1[System.String]) System.Management.Automation.Provider.IContentReader GetContentReader(System.String) System.Object GetContentReaderDynamicParameters(System.String) System.Management.Automation.Provider.IContentWriter GetContentWriter(System.String) Void ClearContent(System.String) Void ValidateParameters(Boolean) Void GetSecurityDescriptor(System.String, System.Security.AccessControl.AccessControlSections) Void SetSecurityDescriptor(System.String, System.Security.AccessControl.ObjectSecurity) Void SetSecurityDescriptor(System.String, System.Security.AccessControl.ObjectSecurity, System.Security.AccessControl.AccessControlSections) Void \u003cRemoveDirectoryInfoItem\u003eg__WriteErrorHelper|43_0(System.Exception, \u003c\u003ec__DisplayClass43_0 ByRef) Void .ctor() Void .cctor() System.Collections.ObjectModel.Collection`1[System.Management.Automation.WildcardPattern] excludeMatcher System.Management.Automation.PSTraceSource tracer Int32 FILETRANSFERSIZE System.String ProviderName Microsoft.PowerShell.Commands.FileSystemProvider+ItemType Microsoft.PowerShell.Commands.FileSystemProvider+NativeMethods Microsoft.PowerShell.Commands.FileSystemProvider+NetResource Microsoft.PowerShell.Commands.FileSystemProvider+InodeTracker Microsoft.PowerShell.Commands.FileSystemProvider+\u003c\u003ec__DisplayClass43_0",
                                                                                       "DeclaredMethods":  "System.String Mode(System.Management.Automation.PSObject) System.Object GetChildItemsDynamicParameters(System.String, Boolean) System.String NormalizePath(System.String) System.IO.FileSystemInfo GetFileSystemInfo(System.String, Boolean ByRef) Boolean IsFilterSet() System.Object GetChildNamesDynamicParameters(System.String) System.Object CopyItemDynamicParameters(System.String, System.String, Boolean) Boolean IsNetworkMappedDrive(System.Management.Automation.PSDriveInfo) Boolean IsSupportedDriveForPersistence(System.Management.Automation.PSDriveInfo) System.String GetRootPathForNetworkDriveOrDosDevice(System.IO.DriveInfo) System.Collections.ObjectModel.Collection`1[System.Management.Automation.PSDriveInfo] InitializeDefaultDrives() System.Object GetItemDynamicParameters(System.String) Void InvokeDefaultAction(System.String) Void GetChildItems(System.String, Boolean, UInt32) Void GetChildNames(System.String, System.Management.Automation.ReturnContainers) Boolean CheckItemExists(System.String, Boolean ByRef) System.Object RemoveItemDynamicParameters(System.String, Boolean) Void RemoveFileInfoItem(System.IO.FileInfo, Boolean) Boolean ItemExists(System.String) System.Object ItemExistsDynamicParameters(System.String) Boolean HasChildItems(System.String) Void CopyItemLocalOrToSession(System.String, System.String, Boolean, Boolean, System.Management.Automation.PowerShell) Void InitilizeFunctionPSCopyFileFromRemoteSession(System.Management.Automation.PowerShell) Boolean ValidRemoteSessionForScripting(System.Management.Automation.Runspaces.Runspace) Void InitilizeFunctionsPSCopyFileToRemoteSession(System.Management.Automation.PowerShell) Boolean PathIsReservedDeviceName(System.String, System.String) Boolean IsAbsolutePath(System.String) System.String GetCommonBase(System.String, System.String) System.String CreateNormalizedRelativePathFromStack(System.Collections.Generic.Stack`1[System.String]) Boolean IsItemContainer(System.String) Void MoveDirectoryInfoUnchecked(System.IO.DirectoryInfo, System.String, Boolean) Boolean IsSameVolume(System.String, System.String) System.Object GetPropertyDynamicParameters(System.String, System.Collections.ObjectModel.Collection`1[System.String]) System.Object SetPropertyDynamicParameters(System.String, System.Management.Automation.PSObject) System.Object ClearPropertyDynamicParameters(System.String, System.Collections.ObjectModel.Collection`1[System.String]) System.Object GetContentWriterDynamicParameters(System.String) System.Object ClearContentDynamicParameters(System.String) Int32 SafeGetFileAttributes(System.String) System.Security.AccessControl.ObjectSecurity NewSecurityDescriptorFromPath(System.String, System.Security.AccessControl.AccessControlSections) System.Security.AccessControl.ObjectSecurity NewSecurityDescriptorOfType(System.String, System.Security.AccessControl.AccessControlSections) System.Security.AccessControl.ObjectSecurity NewSecurityDescriptor(ItemType) System.Management.Automation.ErrorRecord CreateErrorRecord(System.String, System.String) System.String GetHelpMaml(System.String, System.String) System.Management.Automation.ProviderInfo Start(System.Management.Automation.ProviderInfo) System.Management.Automation.PSDriveInfo NewDrive(System.Management.Automation.PSDriveInfo) Void MapNetworkDrive(System.Management.Automation.PSDriveInfo) System.Management.Automation.PSDriveInfo RemoveDrive(System.Management.Automation.PSDriveInfo) System.String GetUNCForNetworkDrive(System.String) System.String GetSubstitutedPathForNetworkDosDevice(System.String) Boolean IsValidPath(System.String) Void GetItem(System.String) System.IO.FileSystemInfo GetFileSystemItem(System.String, Boolean ByRef, Boolean) Boolean ConvertPath(System.String, System.String, System.String ByRef, System.String ByRef) Void GetPathItems(System.String, Boolean, UInt32, Boolean, System.Management.Automation.ReturnContainers) Void Dir(System.IO.DirectoryInfo, Boolean, UInt32, Boolean, System.Management.Automation.ReturnContainers, InodeTracker) System.Management.Automation.FlagsExpression`1[System.IO.FileAttributes] FormatAttributeSwitchParamters() Void RenameItem(System.String, System.String) Void NewItem(System.String, System.String, System.Object) ItemType GetItemType(System.String) Void CreateDirectory(System.String, Boolean) Boolean CreateIntermediateDirectories(System.String) Void RemoveItem(System.String, Boolean) Void RemoveDirectoryInfoItem(System.IO.DirectoryInfo, Boolean, Boolean, Boolean) Void RemoveFileSystemItem(System.IO.FileSystemInfo, Boolean) Boolean ItemExists(System.String, System.Management.Automation.ErrorRecord ByRef) Boolean DirectoryInfoHasChildItems(System.IO.DirectoryInfo) Void CopyItem(System.String, System.String, Boolean) Void CopyItemFromRemoteSession(System.String, System.String, Boolean, Boolean, System.Management.Automation.Runspaces.PSSession) Void CopyDirectoryInfoItem(System.IO.DirectoryInfo, System.String, Boolean, Boolean, System.Management.Automation.PowerShell) Void CopyFileInfoItem(System.IO.FileInfo, System.String, Boolean, System.Management.Automation.PowerShell) Void CopyDirectoryFromRemoteSession(System.String, System.String, System.String, Boolean, Boolean, System.Management.Automation.PowerShell) System.Collections.ArrayList GetRemoteSourceAlternateStreams(System.Management.Automation.PowerShell, System.String) Void RemoveFunctionsPSCopyFileFromRemoteSession(System.Management.Automation.PowerShell) System.Collections.Hashtable GetRemoteFileMetadata(System.String, System.Management.Automation.PowerShell) Void SetFileMetadata(System.String, System.IO.FileInfo, System.Management.Automation.PowerShell) Void CopyFileFromRemoteSession(System.String, System.String, System.String, Boolean, System.Management.Automation.PowerShell, Int64) Boolean PerformCopyFileFromRemoteSession(System.String, System.IO.FileInfo, System.String, Boolean, System.Management.Automation.PowerShell, Int64, Boolean, System.String) Void RemoveFunctionPSCopyFileToRemoteSession(System.Management.Automation.PowerShell) Boolean RemoteTargetSupportsAlternateStreams(System.Management.Automation.PowerShell, System.String) System.String MakeRemotePath(System.Management.Automation.PowerShell, System.String, System.String) Boolean RemoteDirectoryExist(System.Management.Automation.PowerShell, System.String) Boolean CopyFileStreamToRemoteSession(System.IO.FileInfo, System.String, System.Management.Automation.PowerShell, Boolean, System.String) System.Collections.Hashtable GetFileMetadata(System.IO.FileInfo) Void SetRemoteFileMetadata(System.IO.FileInfo, System.String, System.Management.Automation.PowerShell) Boolean PerformCopyFileToRemoteSession(System.IO.FileInfo, System.String, System.Management.Automation.PowerShell) Boolean RemoteDestinationPathIsFile(System.String, System.Management.Automation.PowerShell) System.String CreateDirectoryOnRemoteSession(System.String, Boolean, System.Management.Automation.PowerShell) System.String GetParentPath(System.String, System.String) Boolean IsUNCPath(System.String) Boolean IsUNCRoot(System.String) Boolean IsPathRoot(System.String) System.String NormalizeRelativePath(System.String, System.String) System.String NormalizeRelativePathHelper(System.String, System.String) System.String RemoveRelativeTokens(System.String) System.Collections.Generic.Stack`1[System.String] TokenizePathToStack(System.String, System.String) System.Collections.Generic.Stack`1[System.String] NormalizeThePath(System.String, System.Collections.Generic.Stack`1[System.String]) System.String GetChildName(System.String) System.String EnsureDriveIsRooted(System.String) Void MoveItem(System.String, System.String) Void MoveFileInfoItem(System.IO.FileInfo, System.String, Boolean, Boolean) Void MoveDirectoryInfoItem(System.IO.DirectoryInfo, System.String, Boolean) Void CopyAndDelete(System.IO.DirectoryInfo, System.String, Boolean) Void GetProperty(System.String, System.Collections.ObjectModel.Collection`1[System.String]) Void SetProperty(System.String, System.Management.Automation.PSObject) Void ClearProperty(System.String, System.Collections.ObjectModel.Collection`1[System.String]) System.Management.Automation.Provider.IContentReader GetContentReader(System.String) System.Object GetContentReaderDynamicParameters(System.String) System.Management.Automation.Provider.IContentWriter GetContentWriter(System.String) Void ClearContent(System.String) Void ValidateParameters(Boolean) Void GetSecurityDescriptor(System.String, System.Security.AccessControl.AccessControlSections) Void SetSecurityDescriptor(System.String, System.Security.AccessControl.ObjectSecurity) Void SetSecurityDescriptor(System.String, System.Security.AccessControl.ObjectSecurity, System.Security.AccessControl.AccessControlSections) Void \u003cRemoveDirectoryInfoItem\u003eg__WriteErrorHelper|43_0(System.Exception, \u003c\u003ec__DisplayClass43_0 ByRef)",
                                                                                       "DeclaredNestedTypes":  "Microsoft.PowerShell.Commands.FileSystemProvider+ItemType Microsoft.PowerShell.Commands.FileSystemProvider+NativeMethods Microsoft.PowerShell.Commands.FileSystemProvider+NetResource Microsoft.PowerShell.Commands.FileSystemProvider+InodeTracker Microsoft.PowerShell.Commands.FileSystemProvider+\u003c\u003ec__DisplayClass43_0",
                                                                                       "DeclaredProperties":  "",
                                                                                       "ImplementedInterfaces":  "System.Management.Automation.IResourceSupplier System.Management.Automation.Provider.IContentCmdletProvider System.Management.Automation.Provider.IPropertyCmdletProvider System.Management.Automation.Provider.ISecurityDescriptorCmdletProvider System.Management.Automation.Provider.ICmdletProviderSupportsHelp",
                                                                                       "TypeInitializer":  "Void .cctor()",
                                                                                       "IsNested":  false,
                                                                                       "Attributes":  1048833,
                                                                                       "IsVisible":  true,
                                                                                       "IsNotPublic":  false,
                                                                                       "IsPublic":  true,
                                                                                       "IsNestedPublic":  false,
                                                                                       "IsNestedPrivate":  false,
                                                                                       "IsNestedFamily":  false,
                                                                                       "IsNestedAssembly":  false,
                                                                                       "IsNestedFamANDAssem":  false,
                                                                                       "IsNestedFamORAssem":  false,
                                                                                       "IsAutoLayout":  true,
                                                                                       "IsLayoutSequential":  false,
                                                                                       "IsExplicitLayout":  false,
                                                                                       "IsClass":  true,
                                                                                       "IsInterface":  false,
                                                                                       "IsValueType":  false,
                                                                                       "IsAbstract":  false,
                                                                                       "IsSealed":  true,
                                                                                       "IsSpecialName":  false,
                                                                                       "IsImport":  false,
                                                                                       "IsSerializable":  false,
                                                                                       "IsAnsiClass":  true,
                                                                                       "IsUnicodeClass":  false,
                                                                                       "IsAutoClass":  false,
                                                                                       "IsArray":  false,
                                                                                       "IsByRef":  false,
                                                                                       "IsPointer":  false,
                                                                                       "IsPrimitive":  false,
                                                                                       "IsCOMObject":  false,
                                                                                       "HasElementType":  false,
                                                                                       "IsContextful":  false,
                                                                                       "IsMarshalByRef":  false,
                                                                                       "GenericTypeArguments":  "",
                                                                                       "CustomAttributes":  "[System.Management.Automation.OutputTypeAttribute(new Type[2] { typeof(System.String), typeof(System.IO.FileInfo) }, ProviderCmdlet = \"New-Item\")] [System.Management.Automation.OutputTypeAttribute(typeof(System.Security.AccessControl.FileSecurity), ProviderCmdlet = \"Set-Acl\")] [System.Management.Automation.OutputTypeAttribute(new Type[2] { typeof(System.String), typeof(System.Management.Automation.PathInfo) }, ProviderCmdlet = \"Resolve-Path\")] [System.Management.Automation.OutputTypeAttribute(typeof(System.Management.Automation.PathInfo), ProviderCmdlet = \"Push-Location\")] [System.Management.Automation.OutputTypeAttribute(new Type[2] { typeof(System.Byte), typeof(System.String) }, ProviderCmdlet = \"Get-Content\")] [System.Management.Automation.OutputTypeAttribute(typeof(System.IO.FileInfo), ProviderCmdlet = \"Get-Item\")] [System.Management.Automation.OutputTypeAttribute(new Type[2] { typeof(System.IO.FileInfo), typeof(System.IO.DirectoryInfo) }, ProviderCmdlet = \"Get-ChildItem\")] [System.Management.Automation.OutputTypeAttribute(new Type[2] { typeof(System.Security.AccessControl.FileSecurity), typeof(System.Security.AccessControl.DirectorySecurity) }, ProviderCmdlet = \"Get-Acl\")] [System.Management.Automation.OutputTypeAttribute(new Type[4] { typeof(System.Boolean), typeof(System.String), typeof(System.IO.FileInfo), typeof(System.IO.DirectoryInfo) }, ProviderCmdlet = \"Get-Item\")] [System.Management.Automation.OutputTypeAttribute(new Type[5] { typeof(System.Boolean), typeof(System.String), typeof(System.DateTime), typeof(System.IO.FileInfo), typeof(System.IO.DirectoryInfo) }, ProviderCmdlet = \"Get-ItemProperty\")] [System.Management.Automation.Provider.CmdletProviderAttribute(\"FileSystem\", (System.Management.Automation.Provider.ProviderCapabilities)52)]"
                                                                                   },
                                                              "HelpFile":  "System.Management.Automation.dll-Help.xml",
                                                              "Name":  "FileSystem",
                                                              "PSSnapIn":  {
                                                                               "Name":  "Microsoft.PowerShell.Core",
                                                                               "IsDefault":  true,
                                                                               "ApplicationBase":  "C:\\Windows\\System32\\WindowsPowerShell\\v1.0",
                                                                               "AssemblyName":  "System.Management.Automation, Version=3.0.0.0, Culture=neutral, PublicKeyToken=31bf3856ad364e35, ProcessorArchitecture=MSIL",
                                                                               "ModuleName":  "C:\\Windows\\System32\\WindowsPowerShell\\v1.0\\System.Management.Automation.dll",
                                                                               "PSVersion":  "5.1.26100.4652",
                                                                               "Version":  "3.0.0.0",
                                                                               "Types":  "types.ps1xml typesv3.ps1xml",
                                                                               "Formats":  "Certificate.format.ps1xml DotNetTypes.format.ps1xml FileSystem.format.ps1xml Help.format.ps1xml HelpV3.format.ps1xml PowerShellCore.format.ps1xml PowerShellTrace.format.ps1xml Registry.format.ps1xml",
                                                                               "Description":  "This Windows PowerShell snap-in contains cmdlets used to manage components of Windows PowerShell.",
                                                                               "Vendor":  "Microsoft Corporation",
                                                                               "LogPipelineExecutionDetails":  false
                                                                           },
                                                              "ModuleName":  "Microsoft.PowerShell.Core",
                                                              "Module":  null,
                                                              "Description":  "",
                                                              "Capabilities":  52,
                                                              "Home":  "C:\\Users\\bonel",
                                                              "Drives":  [
                                                                             "C",
                                                                             "G"
                                                                         ]
                                                          },
                                           "ReadCount":  1
                                       }
                             },
                 "active":  {
                                "BOOL":  true
                            },
                 "version":  {
                                 "S":  "v1"
                             },
                 "updated_at":  {
                                    "S":  "2025-07-20T11:21:14Z"
                                }
             }
}
